{
  "info": {
    "name": "A5_Upload_API",
    "_postman_id": "a5-col-001",
    "schema": "https://schema.getpostman.com/json/collection/v2.1.0/collection.json"
  },
  "item": [
    {
      "name": "Health",
      "request": {
        "method": "GET",
        "url": "{{BASE}}/health"
      }
    },
    {
      "name": "Evaluatee — Upload file",
      "request": {
        "method": "POST",
        "header": [
          {
            "key": "Authorization",
            "value": "Bearer {{TOKEN_EVALUATEE}}"
          }
        ],
        "body": {
          "mode": "formdata",
          "formdata": [
            {
              "key": "period_id",
              "value": "{{PERIOD_ID}}",
              "type": "text"
            },
            {
              "key": "indicator_id",
              "value": "{{INDICATOR_ID}}",
              "type": "text"
            },
            {
              "key": "evidence_type_id",
              "value": "{{EVIDENCE_TYPE_ID}}",
              "type": "text"
            },
            {
              "key": "file",
              "type": "file",
              "src": []
            }
          ]
        },
        "url": "{{BASE}}/api/upload/evidence"
      }
    },
    {
      "name": "Evaluatee — List mine",
      "request": {
        "method": "GET",
        "header": [
          {
            "key": "Authorization",
            "value": "Bearer {{TOKEN_EVALUATEE}}"
          }
        ],
        "url": {
          "raw": "{{BASE}}/api/upload/mine?period_id={{PERIOD_ID}}&indicator_id={{INDICATOR_ID}}",
          "host": [
            "{{BASE}}"
          ],
          "path": [
            "api",
            "upload",
            "mine"
          ],
          "query": [
            {
              "key": "period_id",
              "value": "{{PERIOD_ID}}"
            },
            {
              "key": "indicator_id",
              "value": "{{INDICATOR_ID}}"
            }
          ]
        }
      }
    },
    {
      "name": "Evaluatee — Replace file",
      "request": {
        "method": "PUT",
        "header": [
          {
            "key": "Authorization",
            "value": "Bearer {{TOKEN_EVALUATEE}}"
          }
        ],
        "body": {
          "mode": "formdata",
          "formdata": [
            {
              "key": "file",
              "type": "file",
              "src": []
            }
          ]
        },
        "url": "{{BASE}}/api/upload/1/file"
      }
    },
    {
      "name": "Evaluatee — Patch meta",
      "request": {
        "method": "PATCH",
        "header": [
          {
            "key": "Authorization",
            "value": "Bearer {{TOKEN_EVALUATEE}}"
          },
          {
            "key": "Content-Type",
            "value": "application/json"
          }
        ],
        "body": {
          "mode": "raw",
          "raw": "{\"indicator_id\":31,\"evidence_type_id\":2}"
        },
        "url": "{{BASE}}/api/upload/1"
      }
    },
    {
      "name": "Evaluator — List assigned evaluatee",
      "request": {
        "method": "GET",
        "header": [
          {
            "key": "Authorization",
            "value": "Bearer {{TOKEN_EVALUATOR}}"
          }
        ],
        "url": "{{BASE}}/api/upload/evaluatee/{{EVALUATEE_ID}}?period_id={{PERIOD_ID}}"
      }
    },
    {
      "name": "Admin — Upload on-behalf",
      "request": {
        "method": "POST",
        "header": [
          {
            "key": "Authorization",
            "value": "Bearer {{TOKEN_ADMIN}}"
          }
        ],
        "body": {
          "mode": "formdata",
          "formdata": [
            {
              "key": "evaluatee_id",
              "value": "{{EVALUATEE_ID}}",
              "type": "text"
            },
            {
              "key": "period_id",
              "value": "{{PERIOD_ID}}",
              "type": "text"
            },
            {
              "key": "indicator_id",
              "value": "{{INDICATOR_ID}}",
              "type": "text"
            },
            {
              "key": "evidence_type_id",
              "value": "{{EVIDENCE_TYPE_ID}}",
              "type": "text"
            },
            {
              "key": "file",
              "type": "file",
              "src": []
            }
          ]
        },
        "url": "{{BASE}}/api/upload/admin/evidence"
      }
    },
    {
      "name": "Admin — Search",
      "request": {
        "method": "GET",
        "header": [
          {
            "key": "Authorization",
            "value": "Bearer {{TOKEN_ADMIN}}"
          }
        ],
        "url": "{{BASE}}/api/upload/admin?period_id={{PERIOD_ID}}&evaluatee_id={{EVALUATEE_ID}}"
      }
    },
    {
      "name": "Admin — Replace file",
      "request": {
        "method": "PUT",
        "header": [
          {
            "key": "Authorization",
            "value": "Bearer {{TOKEN_ADMIN}}"
          }
        ],
        "body": {
          "mode": "formdata",
          "formdata": [
            {
              "key": "file",
              "type": "file",
              "src": []
            }
          ]
        },
        "url": "{{BASE}}/api/upload/1/file"
      }
    },
    {
      "name": "Admin — Patch meta (reassign)",
      "request": {
        "method": "PATCH",
        "header": [
          {
            "key": "Authorization",
            "value": "Bearer {{TOKEN_ADMIN}}"
          },
          {
            "key": "Content-Type",
            "value": "application/json"
          }
        ],
        "body": {
          "mode": "raw",
          "raw": "{\"period_id\":1002,\"evaluatee_id\":55,\"indicator_id\":31,\"evidence_type_id\":2}"
        },
        "url": "{{BASE}}/api/upload/1"
      }
    },
    {
      "name": "Admin — Delete",
      "request": {
        "method": "DELETE",
        "header": [
          {
            "key": "Authorization",
            "value": "Bearer {{TOKEN_ADMIN}}"
          }
        ],
        "url": "{{BASE}}/api/upload/1"
      }
    }
  ]
}