{
  "info": {
    "name": "A5_Upload_Env",
    "_postman_id": "a5-env-001",
    "schema": "https://schema.getpostman.com/json/collection/v2.1.0/collection.json"
  },
  "item": [],
  "_postman_variable_scope": "environment",
  "values": [
    {
      "key": "BASE",
      "value": "http://localhost:7000",
      "enabled": true
    },
    {
      "key": "TOKEN_EVALUATEE",
      "value": "eyJhbGciOiJIUzI1NiIsInR5cCI6IkpXVCJ9.eyJzdWIiOjEwMSwibmFtZSI6IkFsaWNlIEV2YWx1YXRlZSIsInJvbGUiOiJldmFsdWF0ZWUiLCJleHAiOjE4OTM0NTYwMDB9.eBxKcb4-d0xPyNo21Iew-Ai0lUS79R0x0xFAwmZ3xSc",
      "enabled": true
    },
    {
      "key": "TOKEN_EVALUATOR",
      "value": "eyJhbGciOiJIUzI1NiIsInR5cCI6IkpXVCJ9.eyJzdWIiOjIwMSwibmFtZSI6IkV2YW4gRXZhbHVhdG9yIiwicm9sZSI6ImV2YWx1YXRvciIsImV4cCI6MTg5MzQ1NjAwMH0.P0gf7hQSVXbyq6kHxeS44gVhwlFsJxMaUROMbw2KImU",
      "enabled": true
    },
    {
      "key": "TOKEN_ADMIN",
      "value": "eyJhbGciOiJIUzI1NiIsInR5cCI6IkpXVCJ9.eyJzdWIiOjEsIm5hbWUiOiJBZG1pbiIsInJvbGUiOiJhZG1pbiIsImV4cCI6MTg5MzQ1NjAwMH0.5Za47qs6Jf0-FpTOOxLGp8klYj67yk6kg4LBoMLZ7ug",
      "enabled": true
    },
    {
      "key": "PERIOD_ID",
      "value": "1001",
      "enabled": true
    },
    {
      "key": "EVALUATEE_ID",
      "value": "55",
      "enabled": true
    },
    {
      "key": "INDICATOR_ID",
      "value": "23",
      "enabled": true
    },
    {
      "key": "EVIDENCE_TYPE_ID",
      "value": "1",
      "enabled": true
    }
  ]
}