{
  "openapi": "3.0.3",
  "info": {
    "title": "A5 Upload API",
    "version": "1.0.0",
    "description": "API สำหรับระบบอัปโหลดหลักฐาน (Attachments) — ตัวอย่างตามคู่มือ"
  },
  "servers": [
    {
      "url": "http://localhost:7000"
    }
  ],
  "tags": [
    {
      "name": "Evaluatee"
    },
    {
      "name": "Evaluator"
    },
    {
      "name": "Admin"
    }
  ],
  "components": {
    "securitySchemes": {
      "bearerAuth": {
        "type": "http",
        "scheme": "bearer",
        "bearerFormat": "JWT"
      }
    },
    "schemas": {
      "Attachment": {
        "type": "object",
        "properties": {
          "id": {
            "type": "integer",
            "format": "int64"
          },
          "period_id": {
            "type": "integer"
          },
          "evaluatee_id": {
            "type": "integer"
          },
          "indicator_id": {
            "type": "integer"
          },
          "evidence_type_id": {
            "type": "integer"
          },
          "file_name": {
            "type": "string"
          },
          "mime_type": {
            "type": "string"
          },
          "size_bytes": {
            "type": "integer"
          },
          "storage_path": {
            "type": "string"
          },
          "created_at": {
            "type": "string",
            "format": "date-time"
          }
        },
        "required": [
          "id",
          "period_id",
          "evaluatee_id",
          "indicator_id",
          "evidence_type_id",
          "file_name"
        ]
      },
      "AttachmentMetaPatch": {
        "type": "object",
        "properties": {
          "period_id": {
            "type": "integer"
          },
          "evaluatee_id": {
            "type": "integer"
          },
          "indicator_id": {
            "type": "integer"
          },
          "evidence_type_id": {
            "type": "integer"
          }
        }
      }
    }
  },
  "security": [
    {
      "bearerAuth": []
    }
  ],
  "paths": {
    "/api/upload/evidence": {
      "post": {
        "tags": [
          "Evaluatee"
        ],
        "summary": "อัปโหลดไฟล์ของตนเอง",
        "requestBody": {
          "required": true,
          "content": {
            "multipart/form-data": {
              "schema": {
                "type": "object",
                "properties": {
                  "period_id": {
                    "type": "integer"
                  },
                  "indicator_id": {
                    "type": "integer"
                  },
                  "evidence_type_id": {
                    "type": "integer"
                  },
                  "file": {
                    "type": "string",
                    "format": "binary"
                  }
                },
                "required": [
                  "period_id",
                  "indicator_id",
                  "evidence_type_id",
                  "file"
                ]
              }
            }
          }
        },
        "responses": {
          "200": {
            "description": "OK",
            "content": {
              "application/json": {}
            }
          }
        }
      }
    },
    "/api/upload/mine": {
      "get": {
        "tags": [
          "Evaluatee"
        ],
        "summary": "รายการไฟล์ของตนเอง",
        "parameters": [
          {
            "name": "period_id",
            "in": "query",
            "schema": {
              "type": "integer"
            },
            "required": true
          },
          {
            "name": "indicator_id",
            "in": "query",
            "schema": {
              "type": "integer"
            }
          }
        ],
        "responses": {
          "200": {
            "description": "OK",
            "content": {
              "application/json": {}
            }
          }
        }
      }
    },
    "/api/upload/{id}/file": {
      "put": {
        "tags": [
          "Evaluatee",
          "Admin"
        ],
        "summary": "แทนที่ไฟล์เดิม",
        "parameters": [
          {
            "name": "id",
            "in": "path",
            "required": true,
            "schema": {
              "type": "integer"
            }
          }
        ],
        "requestBody": {
          "required": true,
          "content": {
            "multipart/form-data": {
              "schema": {
                "type": "object",
                "properties": {
                  "file": {
                    "type": "string",
                    "format": "binary"
                  }
                },
                "required": [
                  "file"
                ]
              }
            }
          }
        },
        "responses": {
          "200": {
            "description": "OK"
          }
        }
      }
    },
    "/api/upload/{id}": {
      "patch": {
        "tags": [
          "Evaluatee",
          "Admin"
        ],
        "summary": "อัปเดตเมตาดาต้า/ย้าย (reassign)",
        "parameters": [
          {
            "name": "id",
            "in": "path",
            "required": true,
            "schema": {
              "type": "integer"
            }
          }
        ],
        "requestBody": {
          "required": true,
          "content": {
            "application/json": {
              "schema": {
                "$ref": "#/components/schemas/AttachmentMetaPatch"
              }
            }
          }
        },
        "responses": {
          "200": {
            "description": "OK"
          }
        }
      },
      "delete": {
        "tags": [
          "Evaluatee",
          "Admin"
        ],
        "summary": "ลบไฟล์",
        "parameters": [
          {
            "name": "id",
            "in": "path",
            "required": true,
            "schema": {
              "type": "integer"
            }
          }
        ],
        "responses": {
          "200": {
            "description": "OK"
          }
        }
      }
    },
    "/api/upload/evaluatee/{evaluateeId}": {
      "get": {
        "tags": [
          "Evaluator"
        ],
        "summary": "ดูไฟล์ของ evaluatee (เฉพาะที่ถูกมอบหมาย)",
        "parameters": [
          {
            "name": "evaluateeId",
            "in": "path",
            "required": true,
            "schema": {
              "type": "integer"
            }
          },
          {
            "name": "period_id",
            "in": "query",
            "schema": {
              "type": "integer"
            },
            "required": true
          }
        ],
        "responses": {
          "200": {
            "description": "OK"
          }
        }
      }
    },
    "/api/upload/admin/evidence": {
      "post": {
        "tags": [
          "Admin"
        ],
        "summary": "อัปโหลดแทน evaluatee",
        "requestBody": {
          "required": true,
          "content": {
            "multipart/form-data": {
              "schema": {
                "type": "object",
                "properties": {
                  "evaluatee_id": {
                    "type": "integer"
                  },
                  "period_id": {
                    "type": "integer"
                  },
                  "indicator_id": {
                    "type": "integer"
                  },
                  "evidence_type_id": {
                    "type": "integer"
                  },
                  "file": {
                    "type": "string",
                    "format": "binary"
                  }
                },
                "required": [
                  "evaluatee_id",
                  "period_id",
                  "indicator_id",
                  "evidence_type_id",
                  "file"
                ]
              }
            }
          }
        },
        "responses": {
          "200": {
            "description": "OK"
          }
        }
      }
    },
    "/api/upload/admin": {
      "get": {
        "tags": [
          "Admin"
        ],
        "summary": "ค้นไฟล์",
        "parameters": [
          {
            "name": "period_id",
            "in": "query",
            "schema": {
              "type": "integer"
            }
          },
          {
            "name": "evaluatee_id",
            "in": "query",
            "schema": {
              "type": "integer"
            }
          },
          {
            "name": "indicator_id",
            "in": "query",
            "schema": {
              "type": "integer"
            }
          }
        ],
        "responses": {
          "200": {
            "description": "OK"
          }
        }
      }
    },
    "/health": {
      "get": {
        "summary": "health check",
        "responses": {
          "200": {
            "description": "OK"
          }
        }
      }
    }
  }
}